sample_id,num_images,mean_score,median_score,vote_fake(%),verdict,gt,sample_acc(%),sample_correct
0_real_2671,10,0.054296,0.000158,10.0,real,,,
0_real_2672,10,0.005152,0.000105,0.0,real,,,
0_real_2673,10,0.002583,0.000053,0.0,real,,,
0_real_2674,10,0.001630,0.000675,0.0,real,,,
0_real_2675,7,0.000340,0.000125,0.0,real,,,
1_fake_0,10,0.955552,0.962036,100.0,fake,,,
1_fake_1,10,0.865572,0.877324,100.0,fake,,,
1_fake_4,5,0.897220,0.932334,100.0,fake,,,
1_fake_5,5,0.758681,0.816469,100.0,fake,,,
