{
  "AUC": 0.9867999999999999,
  "EER": 0.040000000000000015,
  "thr_at_EER": 0.50593,
  "N": 200,
  "calibration": "isotonic",
  "brier_score": 0.02696626659392617,
  "p_at_thr_eer": 0.7777777777777778,
  "uncertain_band": {
    "low": 0.6277777777777778,
    "high": 0.9277777777777778
  }
}