sample_id,num_images,mean_score,median_score,vote_fake(%),verdict,gt,sample_acc(%),sample_correct
0_real_2671,10,0.039566,0.000112,0.0,real,,,
0_real_2672,10,0.016188,0.000111,0.0,real,,,
0_real_2673,10,0.003228,0.000065,0.0,real,,,
0_real_2674,10,0.000966,0.000622,0.0,real,,,
0_real_2675,7,0.000327,0.000144,0.0,real,,,
1_fake_0,10,0.955499,0.960316,100.0,fake,,,
1_fake_1,10,0.795731,0.787391,100.0,fake,,,
1_fake_4,5,0.900486,0.929902,100.0,fake,,,
1_fake_5,5,0.775031,0.788718,100.0,fake,,,
