sample_id,num_images,mean_score,median_score,vote_fake(%),verdict,gt,sample_acc(%),sample_correct
0_real_2671,10,0.050448,0.000114,0.0,real,,,
0_real_2672,10,0.006836,0.000143,0.0,real,,,
0_real_2673,10,0.001546,0.000040,0.0,real,,,
0_real_2674,10,0.001039,0.000337,0.0,real,,,
0_real_2675,7,0.000223,0.000124,0.0,real,,,
1_fake_0,10,0.957369,0.966483,100.0,fake,,,
1_fake_1,10,0.863135,0.891598,100.0,fake,,,
1_fake_4,5,0.904645,0.938118,100.0,fake,,,
1_fake_5,5,0.777536,0.783357,100.0,fake,,,
