sample_id,num_images,mean_score,median_score,vote_fake(%),verdict,gt,sample_acc(%),sample_correct
0_real_2671,10,0.047883,0.000092,0.0,real,,,
0_real_2672,10,0.003814,0.000067,0.0,real,,,
0_real_2673,10,0.001419,0.000028,0.0,real,,,
0_real_2674,10,0.000912,0.000171,0.0,real,,,
0_real_2675,7,0.000166,0.000105,0.0,real,,,
1_fake_0,10,0.958083,0.966713,100.0,fake,,,
1_fake_1,10,0.854571,0.887293,100.0,fake,,,
1_fake_4,5,0.888863,0.928231,100.0,fake,,,
1_fake_5,5,0.775951,0.799074,100.0,fake,,,
